{
    "train_val": {
        "global": {
            "loss": [
                0.5184773536896942,
                0.4553308632704291,
                0.4161611525729151,
                0.37968862906540973,
                0.3436979231120336,
                0.31001441193984286,
                0.2797555172133564,
                0.2542717612320834,
                0.23429100002982828,
                0.21751225197521767
            ],
            "auc_weighted": [
                0.7403395666934673,
                0.8295083187562503,
                0.8754249138013175,
                0.908213832235706,
                0.932106366299338,
                0.950057543338311,
                0.9631418557605577,
                0.9724662410402622,
                0.978627878274594,
                0.9830401670256302
            ],
            "auc": [
                0.716657389394131,
                0.8118347110167183,
                0.8609857013137125,
                0.8983768752622003,
                0.9253339046352129,
                0.9454639108008955,
                0.9599960591419912,
                0.9701585206356029,
                0.9768803356545209,
                0.9815619648476022
            ],
            "logloss_weighted": [
                0.49057067178626634,
                0.42117663951866774,
                0.3707369862865674,
                0.32482874338952605,
                0.283538920396061,
                0.2457855868808896,
                0.21271377673443398,
                0.18479983195156696,
                0.16322203564970472,
                0.14559570529977303
            ],
            "logloss": [
                0.524946914585327,
                0.4554086081097781,
                0.4030051355197896,
                0.3519855985626279,
                0.30616802925356534,
                0.2645112857481171,
                0.2281184580859325,
                0.19794921496894446,
                0.17463055644247338,
                0.15616372998720035
            ],
            "accuracy_weighted": [
                0.7798683090965347,
                0.8132029316212871,
                0.8362807472153465,
                0.8575649752475247,
                0.8763961943069307,
                0.8945022431930693,
                0.90999864634901,
                0.9226968595297029,
                0.9321617806311882,
                0.9400467976485148
            ],
            "accuracy": [
                0.752012218278764,
                0.7897909560693881,
                0.8163140837010976,
                0.8419230462168134,
                0.8642458049119983,
                0.8850972867256091,
                0.9025942986756204,
                0.9164279920403133,
                0.9268467326053158,
                0.9352968167917839
            ],
            "pcoc_weighted": [
                1.0293442472693413,
                1.0000504068285963,
                1.0002268847528817,
                1.0000276552422802,
                0.9999554567287368,
                0.9994516097009754,
                0.999052233228128,
                0.9992290984290909,
                0.9987170642477832,
                0.9987630735284029
            ],
            "pcoc": [
                1.0259537253777449,
                0.9989027814143525,
                0.9993195921171407,
                0.9993403427301485,
                0.9988855504133682,
                0.9987009572268138,
                0.9983943329829628,
                0.9985251353424053,
                0.9980793364745187,
                0.9984854403693775
            ],
            "val_auc_weighted": [
                0.7836060006567515,
                0.8241671738856263,
                0.8463108626924885,
                0.8522356069107027,
                0.8496480224386528,
                0.8460164018152543,
                0.8412962721608078,
                0.8347837015689694,
                0.8318183268037574,
                0.8290265636082389
            ],
            "val_auc": [
                0.7656060152135238,
                0.807146893369911,
                0.8297174841693354,
                0.836795571127986,
                0.8346341852651038,
                0.8312849283282626,
                0.8269918656816168,
                0.8207383923674454,
                0.8173579995459586,
                0.8153652664097154
            ],
            "val_logloss_weighted": [
                0.4618597262581714,
                0.42858536469397224,
                0.4088935581609965,
                0.4094264779351334,
                0.41945710925421625,
                0.43992169405265835,
                0.46668372132018243,
                0.49397556209371535,
                0.5450441248362656,
                0.596897381633883
            ],
            "val_logloss": [
                0.4930170096804095,
                0.4600573311529791,
                0.44178058643070967,
                0.44186656524205226,
                0.4516391652953726,
                0.4735602424620503,
                0.5038498406574118,
                0.5338583513063723,
                0.5880586364295303,
                0.6429446005089495
            ],
            "val_accuracy_weighted": [
                0.7946723044397463,
                0.8088343904157858,
                0.8184975334742777,
                0.8212544045102185,
                0.8208372093023256,
                0.8148104298801974,
                0.8094094432699084,
                0.8052374911909795,
                0.8038393234672304,
                0.7998026779422128
            ],
            "val_accuracy": [
                0.7718757270208108,
                0.7873890476828491,
                0.7975734511793865,
                0.8009034339218195,
                0.801866662777793,
                0.7948279887669212,
                0.7900945234680647,
                0.7855943846710649,
                0.7842494833717566,
                0.7804743459368613
            ],
            "val_pcoc_weighted": [
                1.0007906583662685,
                0.9810116850471345,
                1.0385781342131075,
                1.0140305595080632,
                0.9637381038276516,
                0.9982591555717686,
                1.0178903070231748,
                1.0026848360451195,
                0.9740367177740521,
                1.0090935217167012
            ],
            "val_pcoc": [
                1.0036131938512196,
                0.986631263821232,
                1.0530112697892522,
                1.019694533938285,
                0.965990127750753,
                1.0069132487590615,
                1.0166302574777393,
                1.005350792842552,
                0.9705129776569017,
                1.0132309967836937
            ]
        },
        "ACaS": {
            "stats_count": [
                811827,
                811831,
                811837,
                811841,
                811835,
                811836,
                811835,
                811837,
                811844,
                811847
            ],
            "auc": [
                0.7582123152188749,
                0.8428460273037478,
                0.8863212115204203,
                0.9156368845256707,
                0.9372171660089208,
                0.9535240746798445,
                0.9655158133024278,
                0.974207721651009,
                0.9799465577460107,
                0.9841555782942896
            ],