{
    "train_val": {
        "global": {
            "loss": [
                0.6855259581848427,
                0.6494230451407256,
                0.6113081353682058,
                0.5668371076937075,
                0.5211753878328536,
                0.4789259058457834,
                0.442724347114563,
                0.4073564255679095,
                0.37067465428952817,
                0.33270778479399504
            ],
            "auc_weighted": [
                0.4949816455700667,
                0.515764273749996,
                0.5931270322142568,
                0.6817792659875458,
                0.7507787136162525,
                0.8072083720298591,
                0.8478268913531006,
                0.8762394649928882,
                0.8982074050033214,
                0.9149851770574601
            ],
            "auc": [
                0.49524742426862256,
                0.5111040006946582,
                0.5808023653982717,
                0.6796431705344779,
                0.7544971351382169,
                0.8136568097821074,
                0.8551744573249145,
                0.8832085563011416,
                0.9041284001958286,
                0.9207704651358994
            ],
            "logloss_weighted": [
                0.6735949788554245,
                0.6401047206716356,
                0.6036103277098233,
                0.5597657754366221,
                0.5142251859564447,
                0.47195001185082475,
                0.43563796643657116,
                0.40017074816373294,
                0.3633727707903977,
                0.32527469263588826
            ],
            "logloss": [
                0.6770444433450673,
                0.6469678337066479,
                0.6138703812810204,
                0.5686237522635728,
                0.5195829308528968,
                0.47404338665530577,
                0.43532544060936795,
                0.3979697887738871,
                0.35933750572568335,
                0.3184747602575726
            ],
            "accuracy_weighted": [
                0.6504629629629629,
                0.7181712962962963,
                0.7180989583333334,
                0.7184606481481481,
                0.7262008101851852,
                0.7424045138888888,
                0.7709056712962963,
                0.8091724537037037,
                0.8326822916666666,
                0.8501157407407407
            ],
            "accuracy": [
                0.62383152979898,
                0.7084132235853768,
                0.7083143144074656,
                0.7088416238506654,
                0.7184657413249547,
                0.7380473705242514,
                0.7709987599708317,
                0.8134082908123097,
                0.8379197913992014,
                0.8561824604635877
            ],
            "pcoc_weighted": [
                1.721366982114446,
                1.5549742461928684,
                1.3717241029523033,
                1.1993298302097397,
                1.07259918174247,
                1.0040014101947696,
                0.9471861376833632,
                0.9263241166996923,
                0.931499286792499,
                0.9527097440274903
            ],
            "pcoc": [
                1.67744592330742,
                1.5285121851602192,
                1.360168912213941,
                1.1861347418660848,
                1.059987663398323,
                0.9887628782823601,
                0.9314708470401158,
                0.9109024613603507,
                0.9221446619710445,
                0.944990934604983
            ],
            "val_auc_weighted": [
                0.5028296780352215,
                0.5061438415443349,
                0.5271948246686073,
                0.5499327081616532,
                0.5879096696673363,
                0.596863284137075,
                0.6083009654308416,
                0.6178676800032535,
                0.6044219078982794,
                0.6288216603833686
            ],
            "val_auc": [
                0.5045179091371648,
                0.5041159021788018,
                0.5264067487893294,
                0.5548687604343214,
                0.597211680468891,
                0.6104199862251535,
                0.6253062198484628,
                0.6394064213993356,
                0.6305971479382748,
                0.6568781765181355
            ],
            "val_logloss_weighted": [
                0.6697357886701966,
                0.6275023719030536,
                0.590881805809199,
                0.6161267033211848,
                0.6246837352274419,
                0.6431479018569158,
                0.6462818592502881,
                0.6589286255012382,
                0.7309655572720613,
                0.7563142340009018
            ],
            "val_logloss": [
                0.6736377378702493,
                0.6416807929367954,
                0.6086696615984171,
                0.6325133469389281,
                0.6335905970835081,
                0.6467024474589232,
                0.6538112846362681,
                0.6642472192726135,
                0.73925875867181,
                0.7567430620614877
            ],
            "val_accuracy_weighted": [
                0.7309417040358744,
                0.7309417040358744,
                0.7309417040358744,
                0.726831091180867,
                0.7286995515695067,
                0.7122571001494769,
                0.6879671150971599,
                0.7126307922272048,
                0.6879671150971599,
                0.7107623318385651
            ],
            "val_accuracy": [
                0.7083333333333333,
                0.7083333333333333,
                0.7083333333333333,
                0.7068180954552363,
                0.7028566271469828,
                0.6784038227694178,
                0.6666809165526676,
                0.6872672518619851,
                0.6770263337893296,
                0.7038731190150479
            ],
            "val_pcoc_weighted": [
                1.7849768897565848,
                1.563356300718492,
                1.1111341623814919,
                1.0253555406656212,
                0.8369327326112403,
                0.8298378035607811,
                0.8969811539540611,
                0.8163656410274482,
                0.8050533602990642,
                0.7670486487821133
            ],
            "val_pcoc": [
                1.6640527127060074,
                1.4946035647784337,
                1.1213471628097003,
                0.9601092608932217,
                0.8387533534280306,
                0.8327734275397647,
                0.8674249165638852,
                0.8315742610181964,
                0.8146368729301637,
                0.7857557392414828
            ]
        },
        "AB": {
            "stats_count": [
                8532,
                8535,
                8531,
                8532,
                8538,
                8528,
                8531,
                8521,
                8524,
                8535
            ],
            "auc": [
                0.49411343515478423,
                0.530951078549553,
                0.633420090557067,
                0.6887571778009008,
                0.7386904133917112,
                0.7860753730596188,
                0.8238054789449412,
                0.8532704835089431,
                0.8787401131172868,
                0.8961321957593295
            ],
            "logloss": [
                0.6623267281892584,
                0.6177393449216787,
                0.5700671136564898,
                0.5308297178019167,
                0.49680757247388296,
                0.46508954590742674,
                0.43665970776046653,
                0.4074247491857049,
                0.376640081487039,
                0.34743417652307973
            ],